,ID,Tweet Text,Human_Rating,Google_Rating
1,1,It's almost as if people are exactly who they say they are https://t.co/MnWFXZd9c3,0,0
2,2,"@Slate Conservative media: Yes, Trump's response to Charlottesville was bad, but what about Obama? https://t.co/jjINXL5Qp0 via @slate",0,0
3,3,üëÄ https://t.co/qeyzYeblwu,0,0
4,4,üòÇ üòÇ üòÇ Karma really isn't wasting time.. https://t.co/JYRqf6vlSX,-1,-1
5,5,"After Charlottesville, Black Lives Matter Issues New Demand - https://t.co/Vuw3IvrhL2",0,0
6,6,@seanhannity @JaySekulow @GreggJarrett https://t.co/WHL01vNZKN,0,0
7,7,Charlottesville Victim Heather Heyer‚Äôs Family Asks Mourners to Wear Purple to Memorial Held‚Ä¶ https://t.co/iAcW8vi59H,1,0
8,8,"""\""I like getting the facts\""\nThis is literally the first time he's been the least bit concerned about honesty and attention to detail https://t.co/3wyAHEzME1""",0,0
9,9,"Meet Trump's ""very fine people"" who only wanted to peacefully defend a statue in #Charlottesville https://t.co/9ycHbJjQoe",0,0
10,10,The president who wanted Barack Obama to name radical Islam should take his own advice and be forceful ‚Äî @EWErickson https://t.co/AO4ROrGazw,0,0
11,11,"glad our ""very fine"" president is defending Nazi's and racists now tho https://t.co/RdA3Koalu3",-1,0
12,12,"Trump ve ""culpa de ambas partes"" en acto racista de Charlottesville https://t.co/pQYvsCDYPJ",0,0
13,13,"@matthewamiller Trump missed big opportunity here, he could have blamed Obama for Charlottesville, after all, he is black!",0,0
14,14,TFW Your dignity slowly backs out  of your body and behind a curtain. https://t.co/xlXx34QJvt,0,0
15,15,Watching President Trumps remarks on the recent activities on Charlottesville disgusts me.,-1,-1
16,16,"""God BLESS #Charlottesville mayor! He's taking leadership to acknowledge #HistoricRacism &amp; expose #CurrentRacism of #TRUMP! #ImpeachTrump https://t.co/vYgP5N0kyS""",1,0
17,17,"@CNNPolitics @Potus @realDonaldTrump YES they WERE!!!!! 
#Charlottesville",0,0
18,18,@PastorDScott at 9:20am tomorrow to talk about Charlottesville and the media's tripling down on the lies and chaos. https://t.co/20t4XKWvEI,-1,0
19,19,#Charlottesville is going to be broke financially real soon. Functionally Democrats are treating it like their Banana Republic already.,-1,-1
20,20,Absolutely unreal. https://t.co/qlxH9AR9w8,0,0
21,21,#Charlottesville #Shrek https://t.co/C5HifeSof4,0,0
22,22,This is straight from the WH talking points. https://t.co/m9PsFD9epL,0,0
23,23,"""Stand up! family! All you have to do is flip the dam script intellectually covertly ask them mutha fuckers you #Commonlaw or #AdmiraltyLaw https://t.co/GdUZZC9O7E""",0,0
24,24,"""Thank you @UnderArmour for having a moral backbone. Will be purchasing from you soon #Charlottesville #dotherightthing https://t.co/jtGPmKUrP2""",1,0
25,25,"""Hope @IvankaTrump's catching up on all the meditation she missed during the campaign. #Useless #OxygenThief https://t.co/R9etJgSgwQ https://t.co/I4QL0UjWZe""",-1,0
26,26,"@Some_BlackGuy Hey thats raci-
LEft: Hey , u want what happened to Charlottesville to happen again? https://t.co/SB3X7Ll3Qv",0,0
27,27,Charlottesville White Supremacist Rally - The Jim Jefferies Show https://t.co/uEPjsLsHtI via @YouTube,0,0
28,28,Here are the Confederate memorials that will be removed after Charlottesville,0,0
29,29,"""WHAT THE MOTHERFUCKING FUCK‚ÅâÔ∏è‚ùì‚ùì‚ùì‚ùì‚ùì‚ùì‚ùì‚ùì‚ùì‚ùì‚ùì‚ùì‚ùì‚ùì‚ùì‚ùì‚ùì‚ùì‚ùì‚ùì‚ùì‚ùì‚ùì‚ùì‚ùì‚ùì‚ùì‚ùì‚ùì‚ÄºÔ∏è‚ÄºÔ∏è‚ÄºÔ∏è‚ÄºÔ∏è‚ÄºÔ∏è‚ÄºÔ∏è‚ÄºÔ∏è‚ÄºÔ∏è‚ÄºÔ∏è‚ÄºÔ∏è‚ÄºÔ∏è‚ÄºÔ∏è‚ÄºÔ∏è‚ÄºÔ∏è‚ÄºÔ∏è‚ÄºÔ∏è‚ÄºÔ∏è‚ÄºÔ∏è‚ÄºÔ∏è‚ÄºÔ∏è‚ÄºÔ∏è‚ÄºÔ∏è‚ÄºÔ∏è‚ÄºÔ∏è‚ÄºÔ∏è‚ÄºÔ∏è‚ÄºÔ∏è‚ÄºÔ∏è‚ÄºÔ∏è‚ÄºÔ∏è‚ÄºÔ∏è‚ÄºÔ∏è‚ÄºÔ∏è‚ÄºÔ∏è‚ÄºÔ∏è‚ÄºÔ∏è‚ÄºÔ∏è‚ùî‚ùî‚ùî‚ùî‚ÄºÔ∏è‚ùî https://t.co/SIi6xE9oJa""",-1,-1
30,30,Horrifying. https://t.co/zDw36YmX0E,-1,0
31,31,Why The Hell Did The Charlottesville Cops Stand Down? https://t.co/F7Sb4GvHfc,0,-1
32,32,.@Potus thought these Nazis were nice fellows. @stevenmnuchin1 &amp; @SecElaineChao Chao stood w/him  &amp; didn't resign.  https://t.co/PvqKQOsgqf,-1,0
33,33,Pull out of the council. https://t.co/Jc6zRAxEUU,0,0
34,34,Before the body count really rises #charlottesville /end,0,0
35,35,We need more @logan's in our world. #resist #Impeach45 #25thamendment https://t.co/dOwPvr5Ll9,-1,0
36,36,"#GOP, anyone supporting Trump now will B judged accordingly! https://t.co/vUwEYzb3bC",0,0
37,37,Trump again places blame for Charlottesville violence on 'both sides' https://t.co/GRrIh3Up1m #ResistTrump,0,0
38,38,I wonder if @SarahPalinUSA thinks the Nazi rally in #Charlottesville hearkens back to Nazi Germany. https://t.co/d96m3Ng0rr,0,0
39,39,"""When you know she should have swallowed instead! #ImpeachTrump #CNN #FoxNews #POTUS #MSNBC #Charlottesville #impeach #potus45 #Impeach45 https://t.co/nLaPiHmqMX""",-1,0
40,40,Obama's Charlottesville response just became most-liked tweet in history https://t.co/15T2cxEdIU via @mashable,1,1
41,41,The latest The https://t.co/aAfrKy8fyL Daily! https://t.co/fjSOQA3x8C Thanks to @wendi_c_thomas #ad #charlottesville,0,0
42,42,"""As if @realDonaldTrump opening his own mouth wasn't enough to show what a complete piece of shit he is, here's all the proof you need... https://t.co/XoCpd9NxMQ""",-1,-1
43,43,"""I'm at a loss for words. Horrifying is all that comes to mind.\n\nIf you haven't already, please watch this in it's entirety. https://t.co/pljJGEhM4W""",-1,0
44,44,"""@angoisssant @RegularBlack_ Donald Trump, this is the type of supporter you have, Republican Nazi sympathizer. Doesn't it make you proud?  https://t.co/d9VHhMVGN3""",-1,0
45,45,"Thank you, @Merck @UnderArmour @intel &amp; @AFLCIO for taking a stand against @realDonaldTrump and his #HateNews about #Charlottesville.",1,0
46,46,Please enact #25thAmendmentNow This man is unfit for the office. He must be removed. #ImpeachTrumpNow https://t.co/fSlSebVWR7,-1,0
47,47,"Chuu.. La tierra de la libertad, en la caca https://t.co/4aOeXxvpmX",0,-1
48,48,The latest The Smashing Mag Daily! https://t.co/tYHUhwyvwz #gameofthrones #charlottesville,0,1
49,49,#Trump on #Charlottesville https://t.co/aClH6F4NMV,0,0
50,50,"""Stopped watching Hollywood dribble mouth  just info com for Hollywood movies  actors go on and tell some fake story to promote movie https://t.co/EZjVg462WX""",-1,-1
51,51,Analysis | Trump puts a fine point on it: He sides with the alt-right in Charlottesville https://t.co/zeAfMFKHeY,1,0
52,52,"""No Mike-During Calvin Coolidge era 50,000 masked sheeted Klansmen paraded down Pennsylvania Ave-\""Media&amp;Left\"" had not even been invented then https://t.co/JxlFFETmE4""",-1,-1
53,53,Great company you keep Republicans. https://t.co/nB8CRJlzXb,1,1
54,54,Whatever https://t.co/Mo2L1rF0qp,0,0
55,55,"""Needs to be retweeted over and over - if that will do any good. Facts don't matter to the left. #Charlottesville #Liberals https://t.co/8SFYqhg18c""",-1,0
56,56,"How about we all go back to work, take care of our families, and treat each other decently? #antifa #blm #charlottesville #racists",1,-1
57,57,How telling... https://t.co/JPnzvIZx23,0,0
58,58,@realDonaldTrump @FLOTUS @IvankaTrump @DonaldJTrumpJr üòÇüòÇüòÇ https://t.co/LQxbjCBHrx,0,0
59,59,Latest: Donald Trump defends those who descended on Charlottesville to protest Confederate statue‚Äôs removal https://t.co/TUtQ5ItIci,0,0
60,60,Why would you write a headline like that https://t.co/OFdRI9hwfu,-1,0
61,61,how the fuck is every water cooler convo at my office about the fucking moon and not Charlottesville,-1,-1
62,62,"""@jaketapper @brianstelter @amjoyshow @CNN @MSNBC @FoxNews @DanaPerino @BretBaier\nAsk #Charlottesville Mayor Gov Va\nWho told police standdown https://t.co/boXahNz1KL""",0,0
63,63,Race and Terror. Vice News had complete coverage of what went down in Charlottesville. https://t.co/l7cD1LOXVY,0,0
64,64,Un corto documental que toda persona deber√≠a ver. https://t.co/QnsZV4Hutp,0,1
65,65,@MittRomney üëá https://t.co/BARycFwQyi,0,0
66,66,"""@CyAn0g3n pour √™tre clair je parle de ce qui s'est pass√© √† Charlottesville, pas en France. et pour ce dont je parle je le consid√®re comme un terrorist""",0,0
67,67,"""@osullivanauthor BOTH SIDES ARE BLAMED BUT honestly, ALL RIOTS STARTED W/ HILLARY, SOROS, OBAMA! DARE TO DIE 4 THEM? #Charlottesville https://t.co/0pN7ZgV3sE""",-1,0
68,68,Trump Just Went On An Angry Defense Of The Racists In Charlottesville And Confederate Monuments https://t.co/GLCAECNEgG #„Çπ„Éû„Éº„Éà„Éã„É•„Éº„Çπ,-1,0
69,69,"Heather Heyer, Charlottesville Victim, Called ‚Äòa Strong Woman‚Äô Her supervisor said that Ms. Heyer, a paralegal, wa‚Ä¶ https://t.co/HJg3UxGY4e",0,0
70,70,"""How can I reconcile myself to the leader of my country whose morals are absent? ¬Ø\\_(„ÉÑ)_/¬Ø Answer: you don't. #ImpeachTrump https://t.co/qM8N97LVAI""",-1,0
71,71,#impeachtrump https://t.co/ksVGlDrEUf,-1,0
72,72,"""And that is right \nBoth sides are racist and bigoted \nYou're just proving how stupid you really are to think otherwise https://t.co/4BlLulE8S6""",-1,-1
73,73,I'm not surprised. This man spoke and acted from his heart and soul. https://t.co/edVS24IRqY,1,0
74,74,"""@RevDaniel Genuine question-as someone who is opposed to white supremacy (obvs)&amp; Charlottesville events-have there been any shootings by citizens?""",0,0
75,75,Racism &amp; violence are not free speech‚Äîthat is hatred. There is no place in this country for hatred #No2Sides #Charlottesville,-1,-1
76,76,I've had Republicans give me more shit for my freedom of speech as an Atheist than they gave the Nazis this weekend in #Charlottesville,-1,-1
77,77,"""@DemSocialists thank you antifa, DSA, and other groups @Charlottesville for protecting peaceful counter protesters and city. Well done. https://t.co/vdkb2IpCTS""",1,1
78,78,"Charlottesville violence is all hate from one very WRONG, evil side. @CoryGardner @marcorubio @tedcruz Act. Sack up. @POTUS needs to go.",-1,0
79,79,"""If @jimmyfallon needs a lesson on how to be a real American, pushing back Nazis, look no further than @sethmeyers who has always been there. https://t.co/fvyNbwx3Ut""",-1,0
80,80,I stand with Pres. Trump. You would to be blind to not see how violence was indeed on both side. #bothsidesguilty https://t.co/sIUmeWzUSA,-1,0
81,81,"NC KKK leader says he glad a protestor died in Charlottesville, Virginia | Charlotte Observer #SmartNews  https://t.co/f5zTz0iFVk",-1,0
82,82,"""I no longer have blind faith in LEO.  Stand down? What kind of cop stands down and lets people get hurt and die?  #Charlottesville https://t.co/nzv4MrqQcY""",-1,0
83,83,"Must read #Charlottesville 
https://t.co/CHRKiSJqwx",0,0
84,84,Heather Heyer's father living his religious convictions. #Respect üëäüèΩ https://t.co/nQgKlOr2bi,0,0
85,85,"""@realDonaldTrump \nNo, \""both sides\"" are not responsible for a Nazi terrorist murdering a woman in Charlottesville. Do your job. WWII vets r üëÅ https://t.co/FYIwMkBPOd""",-1,0
86,86,"Today in ""duh news"": Trump just completely spews bullshit https://t.co/eO6JVfT5T7",-1,-1
87,87,Any chance @jimmyfallon can be a mid-season replacement for POTUS? https://t.co/AViSLCfxTy,0,0
88,88,"""If you're professing to be surprised right now, you haven't been paying attention."" @jarvisdeberry on Trump's response 2 charlottesville",0,0
89,89,Trump says ‚Äòalt-left‚Äô also to blame for Charlottesville violence ‚Äì World https://t.co/lkvk6nAISG,0,0
90,90,Read the complete transcript of Donald Trump's remarks on Charlottesville https://t.co/XhxtO2lFMn https://t.co/5rGa0WUne3,0,0
91,91,"""Hey @jaredkushner per these racists, even ur dad in law is stupid for allowing his daughter to marry a Jew. No ones wrong tho..right? https://t.co/2cPdcDntJD""",-1,0
92,92,It is love and not hate #Virginia #Charlottesville #CharlottesvilleVA that will change our world... https://t.co/yFsLvfRFQR,1,1
93,93,what happened to the person drivin the car https://t.co/FxxQQgxO32,0,0
94,94,"""\""Rama: It [#Charlottesville] was planned for MONTHS not weeks.\nCops &amp; National Guard did NOTHING to help the people they stood by.\"" https://t.co/UHMJS9oTMs""",-1,0
95,95,Felicita Ku Klux Klan a @realDonaldTrump por 'decir la verdad' sobre Charlottesville https://t.co/FQLsVNuKy6,0,0
96,96,Shut the fuck upüôÑ https://t.co/FpS2N5mzVA,-1,-1
97,97,"@SethAbramson Worth researching--Trump's father arrested member of KKK:
 https://t.co/eE5Iyphy8H",0,0
98,98,The First and Second Amendments clashed in Charlottesville. The guns won: https://t.co/IHuhVByGLr via @slate,0,0
99,99,Trump Defends Initial Remarks on Charlottesville; Again Blames ‚ÄòBoth Sides‚Äô https://t.co/RveV7AejoN,0,0
100,100,Dictatorship around the corner. https://t.co/Vc27DUSgrP,0,0
101,101,Mr. Trump Makes a Spectacle of Himself via @NYTimes https://t.co/3a2BlkmiWR,0,1
102,102,Obama's Charlottesville response just became most-liked tweet in history ‚ñ∫https://t.co/Y6ibTory20 https://t.co/LyD2mopHxh,1,0
103,103,"""@clayaiken @realDonaldTrump Awesome Clay u r my hero now.\n@DeplorableDani2 u see people turning around\n#Charlottesville #TuesdayMotivation #ImpeachTrump""",1,1
104,104,Courage? This is the exact opposite of courage -- calculated cowardice to divide the country for political gain. https://t.co/P5lIVXItYQ,-1,0
105,105,This is simply unbelievable! https://t.co/VfJaPN9bP1,0,1
106,106,"Owen Jones | ""Who has fanned the flames of fascism? Our politicians and newspapers"" #Charolettesville 

https://t.co/EpAZHVRVAk",0,0
107,107,"My #whitewomen, my family, it's time to stand up. https://t.co/1WT0DnRWfQ Stand with me. Fight this bullshit. #FightRacism #Charlottesville",-1,0
108,108,"""The Charlottesville City Council apparently doesn't care about RACISM.\n\nKessler, a white racist, went up against Bellamy, a black racist. https://t.co/MmTIaYBYD8""",-1,0
109,109,""".@donculo6y, HuffPost\nThis could have been prevented by an engaged, competent police chief. Permit required? #inept #firehim #govstepdown https://t.co/koMkKAuHpK""",0,0
110,110,"""If General Kelly and the rest of the administration continue to serve this \""president\"" they are empowering a nazi sympathizer. https://t.co/FHqgaG56Mq""",-1,0
111,111,they better get eveRY üëèüèΩDAMN üëèüèΩPENNYüëèüèΩ https://t.co/oK0iPAfxpb,0,0
112,112,Why won't you report that it's true wtf? https://t.co/YQ0chqCOSw,-1,0
113,113,This bitch is an idiot. https://t.co/qVhwuATGbR,-1,0
114,114,Tomato üçÖ tomato üçÖ ¬Ø\_(„ÉÑ)_/¬Ø https://t.co/0cYt2f5Cwf,0,0
115,115,Journalists can learn from @realDonaldTrump's unbiased &amp; logical viewpoint on #Charlottesville. #EarthTo @JimAcosta  https://t.co/b9vspGPM7r,1,1
116,116,Unvarnished Trump fuels Charlottesville flames https://t.co/cfmYJl3ySF,0,0
117,117,"""In solidarity with Charlottesville rally, with fellow BergenNJ @MomsDemand. This past weekend was awful but we #KeepGoing to fight hate. https://t.co/GDDdq0dyCe""",-1,0
118,118,... Because looky here. This is what happens when an officer is truly afraid: nothing. https://t.co/rkcDXX1o8Y,-1,0
119,119,He sounds so fucking stupid https://t.co/Hin3h7UVji,-1,-1
120,120,94‰ª∂„ÅÆ„Ç≥„É°„É≥„Éà https://t.co/hvSKHneVAt ‚ÄúÁî∫Â±±Êô∫Êµ©„ÄÄ„Éê„Éº„Ç∏„Éã„Ç¢Â∑ûÁôΩ‰∫∫Ëá≥‰∏ä‰∏ªÁæ©ËÄÖÈõÜ‰ºö„ÅÆË°ùÁ™Å‰∫ã‰ª∂„ÇíË™û„Çã‚Äù https://t.co/e5SqA0UV2Y #news #„Ç¢„É°„É™„Ç´ #Charlottesville,0,1
121,121,Here are the Confederate memorials that will be removed after Charlottesville https://t.co/M7an77uyIJ,0,0
122,122,Trump Gives White Supremacists an Unequivocal Boost via @NYTimes https://t.co/2q5NgOnowU,1,0
123,123,Feeling hopeless after Charlottesville? 16 ways you can make a big difference. https://t.co/7YoroElq0j,1,0
124,124,"""@chuckschumer @RepMaxineWaters @SenWarren @dnc @mikewagles @JLPtalk @MadisonCoGOP @DRUDGE_REPORT @LouDobbs @TEN_GOP @MarkDice @AP #MAGA https://t.co/aCh2MlvjzO""",0,0
125,125,Pro tip: always attack the media after a national tragedy https://t.co/RQzuv7MTdc,-1,0
126,126,"With teamwork and hustle, Toledo Blade dominated after Charlottesville attack https://t.co/0iarZS8Cub via @cjr",1,1
127,127,"""@fkgator @stevennelson899 @PrincessBravato Donald Trump, this is the type of supporter you have, Republican Nazi sympathizer. Doesn't it make you proud?  https://t.co/d9VHhMVGN3""",-1,0
128,128,Charlottesville https://t.co/fpAvzgfTST,0,0
129,129,Trouble flared again in Charlottesville Tuesday. Residents say they're on edge https://t.co/lLs8PYBpWd https://t.co/7AyjkemxdP,-1,0
130,130,We live in the era of the man-baby. Man-babies everywhere legitimately feel so empowered because of this one. https://t.co/9RRJIaqiIC,-1,1
131,131,"@aliGinSD @PGAngie1 Really? She wants u and ur family in a fucking FEMA camp. Try researching. 

https://t.co/mj29egYJtn",-1,0
132,132,KILL SHOT: Trump Just Told Everyone Who Was REALLY Behind the Violence in Charlottesville https://t.co/XNaJdsBzkC via @liberty_writers,0,0
133,133,"82nd Airborne  responds to man wearing hat at Charlottesville protests
https://t.co/eUL6HHJKjz",0,-1
134,134,"In 1 tweet, Barack Obama shows that he's a master of emotional intelligence. @MindaZetlin @BarackObama https://t.co/rmLBbp6J7q via @Inc",1,0
135,135,"also hi I'm gonna express an unpopular belief here

not everyone who went to the charlottesville protest was a white supremacist/neo-Nazi",0,0
136,136,"And with this, I'm done. Good night. https://t.co/mtVlVveJss",0,1
137,137,Facebook Gave a Neo-Nazi Website a Huge Assist in Spreading Hate After Charlottesville | Alternet https://t.co/mNAxoN9kgy,-1,-1
138,138,"""@SenToomey Your low-key response to #Charlottesville does not do enough. We have a problem in the country and our leaders need to be more vocal.""",-1,0
139,139,"Trump 'entirely correct' to blame both sides for Charlottesville violence, White House says https://t.co/NyYfOTQ6uR #FoxNews #Fox #News #P‚Ä¶",1,-1
140,140,Barack Obama's response to the violence in Charlottesville is now one of the most popular tweets ever https://t.co/8yh2CtC1Bj,1,1
141,141,"""Apr√®s Charlottesville, le clip de ""They don‚Äôt Care About Us"" devient un symbole de la lutte antiraciste"" https://t.co/xdInQGxy0s #blog",0,1
142,142,Vice ily ‚ù§Ô∏è https://t.co/hwRvypdguY,0,1
143,143,Positive emotion triumphs negative emotion every time! https://t.co/biYluvxJYs,1,0
144,144,"Hey, @GOP, WTF?? #ImpeachTrump #NazisInTheWhiteHouse #Charlottesville https://t.co/deEXHFldKe",-1,0
145,145,"""We were there to protest the removal of a statue, as we did in May, with no problems. Antifa were the violent, racist ones. https://t.co/ZjzoVzLaC6""",-1,0
146,146,"In a segment called ""Recurring Nightmare,"" @maddow shows stills of #Charlottesville with voice over of Trump's defense today. #maddow @MSNBC",-1,0
147,147,What. https://t.co/wXgGz0haCI,0,0
148,148,What A Jewish Journalist Saw In Charlottesville https://t.co/nSeignghhI via @jdforward,0,0
149,149,I thought you fired the guy. https://t.co/kvA32qrY01,0,0
150,150,How come this is not reported by the Media? https://t.co/xPntPm0GPy,-1,0
151,151,@ladygaga @realDonaldTrump @POTUS https://t.co/CRfcLl63aK,0,0
152,152,"Charlottesville: pour Trump, les torts √©taient ""des deux c√¥t√©s"" sur Orange Actualit√©s https://t.co/z6jUVRbUX0",0,0
153,153,ü§òüèº https://t.co/n6z95k7I0D,0,0
154,154,"#EvangelicalLogic

1 abortion = crime, sin, abomination 

Murder of 6 million Jews = Meh...

#ImpeachTrump #Charlottesville",-1,-1
155,155,"@jaketapper Which he should've kept in, because it was true. https://t.co/kzahUeP4w0 and https://t.co/QbCLfg08wU",0,0
156,156,@RepMaxineWaters THE ONLY REASON you scream RACISM at @POTUS is because for DECADES U have done NOTHING for blacks https://t.co/DVZidu0LAT,-1,-1
157,157,Relevant words by #AliceWalker #poetry #Charlottesville #WhiteSupremacy #Racism #BlackLivesMatter https://t.co/TeugjaRPGj,0,-1
158,158,"""I'm just hurt too and @realDonaldTrump-you are too stupid to know the difference between George Washington and Robert E. Lee, who rebelled. https://t.co/CxTFndYLLH""",-1,0
159,159,"""@AllDaySportTalk Lebron blamed Trump for the Charlottesville thing. So the attacks by muslims under Obama are obamas fault because he wouldn't condemn them?""",-1,0
160,160,@BretBaier https://t.co/VIbJ007wAE,0,0
161,161,When even Texas' most despicable politician does better than Trump............... https://t.co/ifGcZSRLxJ,0,0
162,162,"Trump has won an election just on basis of ""Pathos"" appeal. This is a prime example of Rhetorics. 

#Trump #ImpeachTrump #Charlottesville",-1,0
163,163,@generalelectric @Boeing @LockheedMartin @Walmart @pepsi RESIGN FROM TRUMP'S ECON COUNCIL NOW. #Charlottesville #shameonyou,0,0
164,164,@morphiousSC @heyitsaaron @FoxNews I agree offense has it's place. That's why the anti-protestors were in Charlottesville.,0,0
165,165,"""Á±≥ÂõΩÁ§æ‰ºö„ÅÆÂàÜÊñ≠ÔºöÂ∑ÆÂà•‰∏ªÁæ©„ÄÅ„Éà„É©„É≥„ÉóÊîøÊ®©„ÅßÂã¢„ÅÑ\n#Â§ñÂãôÁúÅ„ÄÄ#Ê∏°Ëà™Á¶ÅÊ≠¢„ÄÄ#‰ºÅÊ•≠„ÄÄ#Ëá™Ê≤ª‰Ωì„ÄÄ#Â≠¶Áîü„ÄÄ#Â§ßÂ≠¶Áîü\n#Virginia #Charlottesville #JamesAlexFields\n#Trump: \""What are we teaching our children?\"" https://t.co/7OmTKwToxu""",0,1
166,166,Anyone gonna be shopping at Wal-Mart? I'm just asking https://t.co/cvFrtThcM3,0,0
167,167,"""Which Statues are NEXT??"" Tucker Issues Warning after Charlottesville https://t.co/xwYpfYfbEz",-1,0
168,168,Van Jones on Trump's Charlottesville remarks: 'I'm just hurt' https://t.co/LN2vnJvxiQ https://t.co/YKvqCD0nJK,-1,0
169,169,SMH all you guys had to do was clap https://t.co/TNndQquHId,-1,-1
170,170,@RepScottPerry where do you stand on @POTUS argument that both sides are to blame for violence in #Charlottesville?,0,-1
171,171,"""@Tbone2170 @whatbest42016 @hillofbeans17 @ChrisMurphyCT @POTUS Trump Defends Initial Remarks on Charlottesville; Again Blames ‚ÄòBoth Sides‚Äô - The New York Times\nhttps://t.co/YxM7AW3Xu7""",0,0
172,172,https://t.co/TqGbwPuTHh,0,0
173,173,Trump Gives White Supremacists an Unequivocal Boost via @NYTimes https://t.co/SrxkGDxY9k,0,0
174,174,I mean NONE of these accounts were in #Charlottesville this weekend and all to most were shitting on the Left while it was happening.,-1,-1
175,175,Tuit de Obama sobre Charlottesville es el mensaje con m√°s me gusta de Twitter https://t.co/K9ISXBA2Fb,0,0
176,176,Trump says both sides to blame amid Charlottesville backlash https://t.co/QXU66EBvQq https://t.co/JNEFVhbL2G,0,0
177,177,@realDonaldTrump üëá https://t.co/GbYgHo8kuC,0,0
178,178,https://t.co/aw5GQUozZn Amazing reporting here,1,1
179,179,@ShaunKing @GinaUlbert Nor the men physically pushing against police barricade in Charlottesville! This too shall change as nothing stays!,-1,-1
180,180,@Acosta https://t.co/YhL0rLDyrq  Russia Reports CIA ‚ÄúGenocide Expert‚Äù Orchestrated Charlottesville Mob Violence https://t.co/zYBHF5wfvM,0,1
181,181,"Under Armour, Intel, and Merck CEOs Quit Trump's Council Over His Charlottesville Comments https://t.co/CPmvkhmGEe",0,0
182,182,@box5angel Yep. He was in #charlottesville speaking this weekend.üò±,0,1
183,183,A Guide to the Charlottesville Aftermath https://t.co/4qXVzmG4Gd #racism #socialjustice,0,-1
184,184,@Khanoisseur https://t.co/9JXuDMlw7G,0,0
185,185,Charlottesville driver previously accused of beating mother https://t.co/5sf6XGZOXY https://t.co/eQu5D8vkGZ,-1,-1
186,186,"""Laura Ingraham: Media torched Trump about Charlottesville"" via FOX NEWS https://t.co/n8l4n6ustm https://t.co/nfjTOlXVnP",-1,0
187,187,This is so blessed üôèüèæüôèüèæüôèüèæüôèüèæüôèüèæüôèüèæüôèüèæüôèüèæüôèüèæüôèüèæüôèüèæüôèüèæüôèüèæüôèüèæüôèüèæüôèüèæüôèüèæüôèüèæüôèüèæüôèüèæüôèüèæüôèüèæüôèüèæüôèüèæüôèüèæüôèüèæüôèüèæüôèüèæüôèüèæüôèüèæüôèüèæüôèüèæüôèüèæüôèüèæüôèüèæ https://t.co/ojwuUajK1N,1,1
188,188,"@allidoisowen Watch this Owen!
Charlottesville Attack: Brennan Gilmore - Witness or Accessory?
https://t.co/jnWI4PERsQ",0,0
189,189,"Tomorrow in class: Charlottesville, Tupac, and Hawaiian sovereignty. Time to learn about culture üòå https://t.co/PnocIS0zCk",0,0
190,190,"""@ladygaga @PrisonPlanet @realDonaldTrump @POTUS #Charlottesville was the clash between to racially charged extremes: Antifa and the Alt-Right. They're both racist and should be disavowed.""",-1,-1
191,191,Another unhinged moron~~ https://t.co/yRwWcAWSXm,-1,-1
192,192,@EboniKWilliams You might want to rethink your unhinged rant. @ericbolling so much better. U need a timeout. https://t.co/9lO8vPTISy,-1,0
193,193,"Trump aint in the White House yet for a year and we already staring down a 2nd civil war outbreak in #Charlottesville, &amp; ww3 in North Korea",-1,0
194,194,"""After Trump‚Äôs Remarks, White Nationalists Say He‚Äôs Telling Truth About Charlottesville https://t.co/PLoRlzOY9Z @huffpost https://t.co/uOCv51kw6s""",0,0
195,195,"""@chaplinlives BOTH SIDES ARE BLAMED BUT honestly, ALL RIOTS STARTED W/ HILLARY, SOROS, OBAMA! DARE TO DIE 4 THEM? #Charlottesville https://t.co/0pN7ZgDs44""",-1,0
196,196,"""Wow...Thanks, ANA, for standing up for what's morally RIGHT, regardless of party #womensmarch #ImpeachTrump #Charlottesville #WhyIMarch https://t.co/URLsLsCMDX""",1,1
197,197,Charlottesville Democrat Resigns As His Racist Messages LEAK https://t.co/6ju7PbH14x,0,0
198,198,"""Celebs react to #DonaldTrump doubling down on statement that \""both sides\"" are to blame for #Charlottesville violence https://t.co/89vUq3ifgv https://t.co/MsQpXCTzni""",0,0
199,199,Wow. This is too much https://t.co/s4od2yiqiC,0,0
200,200,DENOUNCE @realDonaldTrump #IMPEACH TRUMP #ENEMY OF THE AMERICAN PEOPLE #CHARLOTTESVILLE https://t.co/9jdVnqZ0ou,-1,0
201,201,Barack Obama Sets Twitter Record With Tweet in Wake of Charlottesville Violence https://t.co/RuntEyk0Wx https://t.co/ioPls9tXme,1,1
202,202,"""To claim, as ‚Äúliberals‚Äù do now, that such marches as in Charlottesville, ‚Äúis not what and who we are‚Äù, is a lie.... https://t.co/YLflD8BGUW",0,-1
203,203,"#HOFLIV
#HOFLIV
 #onweer
 #Charlottesville
 #PKP17
 #moederdagüéµüôÄ

 https://t.co/U4CeoKXLsc",0,0
204,204,"Natsi-ideologian kauheuksia vuodelta 2017. Koonti ja taustoja #Charlottesville'st√§. Hyv√§√§ #journalismi'a
https://t.co/o6DiPgM77M",0,1
205,205,Trump Defends Initial Remarks on Charlottesville; Again Blames ‚ÄòBoth Sides‚Äô - The New York Times https://t.co/2wLKObyLdh,0,0
206,206,#ImpeachTrump Because they way that this bastard has carried himself especially tonight while addressing #Charlottesville is disgusting,-1,-1
207,207,@GOP @HouseGOP DONT YOU DARE DO THIS! https://t.co/JMzhdVQoMD,-1,0
208,208,OF COURSE THEY'RE NOT https://t.co/0C0bmcVP3C,-1,-1
209,209,2017 folks! ‚ù§Ô∏è https://t.co/vtSdIgzrWc,0,0
210,210,"The Alt right, in their own words. @realDonaldTrump -- still think they weren't mostly neo-nazis?  https://t.co/O4IwqwS0qY via @vicenews",0,0
211,211,@HouseGOP @SpeakerRyan https://t.co/YXHX6NQLbL,0,0
212,212,"After Charlottesville, Trump's business buddies have no excuse to stick around https://t.co/LEYojXm2r4",-1,-1
213,213,"@realDonaldTrump #Charlottesville 
 #ImpeachTrump @GOP https://t.co/tFxH30Shvn",-1,0
214,214,Triggered! https://t.co/5POxZVXWVz,0,0
215,215,"""This is on him now. He took ownership of this train. And now it gets tangled even more. I know Marines don't retreat or withdraw but.... https://t.co/3UIv2Exvbg""",-1,0
216,216,Charlottesville Killer's Violent History | TMZ Live https://t.co/7pXtzn8rCd via @YouTube,-1,1
217,217,"""@bill_auclair It is time\n\n#impeach #ImpeachTrump #Impeach45 #ImpeachTrumpNow\n\n#TheResistance #Resistance #Resist #Charlottesville\n\nhttps://t.co/V3abzPFfw3""",-1,1
218,218,#Breaking #News Trump touts winery when talking Charlottesville https://t.co/4K0EDwXSFy https://t.co/K0ts0LyU23,0,1
219,219,Thank you for this. https://t.co/etZlLMdXxP,1,0
220,220,"Nazi/KKK... SAME SHIT
   Charlottesville: Race and Terror ‚Äì VICE News Tonight on HBO https://t.co/m7KNSAYNu5 via @YouTube",-1,-1
221,221,"""@lalalaura740 @JDMorgan @realDonaldTrump Charlottesville is on Trump. He gave these people a voice. Brought them out of the shadows. So yea, Fuck You @realDonaldTrump, just fuck you""",-1,0
222,222,"#Antifa &amp; the #AltRight, Growing in Opposition to One Another. 
https://t.co/vRtkenVb9I
#Charlottesville #tcot #Conservatives #PJNET #CCOT",0,0
223,223,"""@NetworkJunkyz Even w/all those powerful words, what R the odds Steve Schmidt still voted 4 #DonaldTrump ? #Resist #Charlottesville #HeatherHeyer #AltLeft""",0,1
224,224,"""This image was retweeted by the President of the United States after Heather Heyer was killed in a car attack in Charlottesville. https://t.co/JK50oclshp""",0,0
225,225,"""@SenateDems @HouseDemocrats @TomPerez @chuckschumer @NancyPelosi @CNN @MSNBC @CBSPolitics @ABCPolitics @GStephanopoulos @FaceTheNation @GovHowardDean @freedomcaucus @SenateGOP @HouseGOP @SenateMajLdr @SpeakerRyan @GovSandoval @GovernorDucey @TerryMcAuliffe @ChicagosMayor @BilldeBlasio @GovernorGreg @SenSusanCollins @rolandsmartin @amjoyshow @RevDrBarber @SenJohnMcCain @Govjerrybrown @MayorOfLA @AGBecerra @MassGovernor @GovInslee @HispanicCaucus @GovRickSnyder @BarackObama @nikkihaley @JohnKellyDHS @NAACP @hrmcmasters @marty_walsh @EricTrump @Katherine_Gorka @FLOTUS @GovMikeHuckabee @newtgingrich @GenJamesmattis @DemGovs @JoeBiden @IvankaTrump Apology won't change what reside in #45 heart.Rs have hard decisions to https://t.co/g5IIs8xgNu with or live without.https://t.co/W70c7wY93i""",0,0
226,226,"""@DaTruthTellers @onlxn @pattonoswalt I'm not sure where the breakdown here is occurring. In Charlottesville, where I live, Antifa provided invaluable support to residents.""",0,1
227,227,"""@ABC I, like the KKK, am looking forward 2 Trump narrating WW2. #sarcasm\n#Trump says both sides to blame #Charlottesville https://t.co/XYIm4lZpLB""",-1,0
228,228,Obama‚Äôs Beautiful Charlottesville Tweet Is The Second Most Liked Ever https://t.co/1OKHSZ7nWk,1,1
229,229,"""\""Educate yourself! Check your privilege!\"" \nIt's Current Year &amp; people are still saying this unironically. #charlottesville https://t.co/VPKSyZllSI""",0,0
230,230,"""@CoryBooker @SenBookerOffice Go to Elle Reeve's Twitter page. Watch her HBO video. Want to know the truth about Charlottesville. Hear directly from white supremacists.""",0,0
231,231,Try the Governor too. https://t.co/i8raYfQxet,0,0
232,232,"@SenatorTimScott Read this, please. It is very well said. https://t.co/XVW5dLhLrX",1,0
233,233,"@thehill Romney is still a putz ...

#AntiFa #Charlottesville https://t.co/e5v6wdely9",-1,0
234,234,"""RT @ms_erika74 \nI loved @realDonaldTrump response to #FakeNews &amp; phony #GOP &amp; #Dem response to #Charlottesville, equal opportunity haters. https://t.co/iCGqahwIWq""",1,0
235,235,"Seth Meyers' Statement on Charlottesville ... here's to ""normal, decent persons"" https://t.co/luQZrHVQJk",0,0
236,236,"""Jesus Christ, go retire already will you! You're as stupid as they come; you passed senility yrs ago. Stop embarrassing yourself &amp; family üòÇüò¥ https://t.co/TN7eX6Eytz""",-1,-1
237,237,The latest The mikyao2006 Daily! https://t.co/6YOyMS9mUH Thanks to @rolliwrites @Tokyo_Tom #charlottesville #researchmatters,1,0
238,238,It is time for President Trump to resign. He has lost the basic credibility needed to do his job. He is unfit.  https://t.co/QqprQUf7x0,-1,-1
239,239,"""https://t.co/vGRzzhQRRK LeBron James Calls Donald Trump the 'So-Called President,' Talks Charlottesville: Cleveland‚Ä¶ https://t.co/7dCSfDLQq7 https://t.co/4LfI47rt56""",0,0
240,240,@dnbundy https://t.co/hgkpfgh2Y8,0,0
241,241,Is this guy for fucking real?! Time for the Republicans to stand up against their POTUS! https://t.co/mTgucDrHOa,-1,0
242,242,@clayaiken @Lawrence @realDonaldTrump #Charlottesville Just say #NOTONAZIS,0,0
243,243,America is still hooked on the drug of white supremacy | Carol Anderson https://t.co/vd5jrU0lXp,0,0
244,244,#LastWord https://t.co/cccPoZyoOF,0,0
245,245,So surreal... https://t.co/wvQ9Z3d2rK,0,1
246,246,Listen to the bitch at the end. Smfh when will these leftist realize they've been brainwashed? https://t.co/VErNUMaqDE,-1,0
247,247,His tattoo is a little ironic no? https://t.co/ORkXwll8kp,0,0
248,248,When I see the hate in this world I feel like I'm watching a movie. It doesn't seem real. How can someone be so hateful? #Charlottesville,-1,0
249,249,"""@NBCNews @MSNBC Charlottesville to blame for issuing permit then police not taking action. Never should the White Supremist been given a permit or be in USA""",-1,-1
250,250,Jesus Christ. @realDonaldTrump can‚Äôt even last 24 hours PRETENDING not to be a fucking Nazi. https://t.co/DrGz2VfDUh,-1,0
251,251,"Come on #TrumpTrain Lady Gaga wants to know what You think...so, Tell Her! #MAGA #CCOT #StopTheMadness https://t.co/dqKEMstzNv",0,0
252,252,"Trump dice que los antirracistas de Charlottesville ‚Äútambi√©n eran violentos‚Äù
https://t.co/gpfQmczF31",0,0
253,253,Facebook borra perfiles de supremacistas tras violencia en Charlottesville https://t.co/10sZyIlkgx,0,-1
254,254,.@johncardillo on #Periscope: #Charlottesville was Just Another Skirmish in the Civil War Started by Obama https://t.co/bOzyN7GJkv,0,0
255,255,Two sides of the Charlottesville clashes were not equal. Analysis by @PaulaReidCBS https://t.co/SJn1aEFGqb https://t.co/vx0FDtAMds,-1,0
256,256,"The man outing Charlottesville white supremacists on Twitter says he is ""not going away"" https://t.co/OgRRwNNnr3 https://t.co/QLJUTR93AN",0,-1
257,257,".@vice covered #Charlottesville. 
The video is chilling. 

https://t.co/6OowY7Qbj9",0,0
258,258,"If Trump wants to best this, a tweet of him resigning would surely do it. https://t.co/3DMBJgMVp6",0,0
259,259,‚ÄòThere‚Äôs a lot of them ‚Äì and they‚Äôre mad‚Äô: Man who exposed Charlottesville racists receives death threats https://t.co/tjCuIQ4REI,-1,-1
260,260,.@vicenews has arrived.  This is an incredible piece of balanced journalism from #Charlottesville right here: https://t.co/iMeso74bbK @VICE,1,1
261,261,@WhiteHouse https://t.co/UUItukXnsJ,0,0
262,262,"""Western Fucking Governments, Leave #Syria alone, Colonial Imperialist fucks ... Trump: There were many 'bad people' in Charlottesville https://t.co/c7dZVAF55O""",-1,-1
263,263,@foxandfriends @realDonaldTrump https://t.co/gny12bvHVo,0,0
264,264,I don't think you're too far off the truth here... https://t.co/JcduO9zgsG,0,0
265,265,"""Take the time to listen.  He's right we are Uniting over Charlottesville..   Trump is Dangerous to Society #ImpeachDonaldTrump https://t.co/Mcjq5Cg5fS""",-1,0
266,266,"""Posting video like this is a bold and important move. The kind of coverage we‚Äôve needed in mainstream media since day -511. https://t.co/MwCMqo1ArS""",1,0
267,267,Eric Holder eviscerated for Trump-Charlottesville rant Social media reminds ex-AG of 'workplace violence' at Fort H https://t.co/0BvbyW3tAB,-1,0
268,268,"#ImpeachTrump 
#ResistForHeather https://t.co/faMIwQHj7J",-1,0
269,269,"""I hope the fascist racist @realDonaldTrump sees this. That's right, people like our decent, dear Pres Obama better than the fake con artist https://t.co/4tDe40UB41""",0,0
270,270,@LouDobbs @POTUS More Charlottesville fallout: Trump‚Äôs CEO-packed manufacturing advisory panel loses three more members,-1,0
271,271,https://t.co/r4wDqznjlJ  #SDLive #Quantico #AmericanAssassin #commentetaPP #Assomption Charlottesville Sonic Mania Sierra Leone Clai 69,0,0
272,272,#Trump Cribbed His Charlottesville Press Conference Straight From Fox News https://t.co/96lrf3IcjQ https://t.co/qephqzvZkr,-1,0
273,273,@TuckerCarlson # investigate Charlottesville PD and city officials who stop police from doing their job,0,0
274,274,#ImpeachTrump https://t.co/dbmTizwHMO,-1,0
275,275,https://t.co/ghAfk4Bo1G,0,0
276,276,Holy gee. https://t.co/1bNLAkbqUW,0,0
277,277,How Nice White People Benefit from #Charlottesville and White Supremacy https://t.co/0zcKgAWYHC via @TeenVogue,0,0
278,278,"""Thank you @ScottPaulAAM &amp; @KeepitMadeinUSA for opposing racism &amp; hate &amp; #AltRight views of @POTUS @realDonaldTrump #Charlottesville #RESIST https://t.co/5x13ZVguqN""",1,-1
279,279,"Watch VICE News Tonight's full episode ""Charlottesville: Race and Terror"" https://t.co/YdeUbZZEWJ",0,0
280,280,üòã https://t.co/645119rnfT,0,0
281,281,#Charlottesville #Trump #RolandMartin #BlackLivesMatter #ImpeachTrump  #donlemon https://t.co/uHLYz5wn4D,-1,0
282,282,Blame the #Charlottesville Federal Judge Who Refused to Move the Rally A... https://t.co/63fPqmdymM,-1,-1
283,283,"@RadimusPrime42 @Dslyecxi @realDonaldTrump Did you, uh, miss the most recent one? https://t.co/gqJAcFQsBm",0,0
284,284,How üëècan üëèyou üëèblame üëètheüëègoodüëèpeople üëètryingüëètoüëèstopüëèwhite üëèsupremacistsüëè https://t.co/nsxPcVGZzs,0,0
285,285,Esto es de manicomio. https://t.co/d1iqGk8UUa,0,0
286,286,"""All lives matter. Why? You say cause #Jesus died for all of us. \n#humanlives #Charlottesville #love #peace #HumanRights https://t.co/wVzMjt3tCx""",1,0
287,287,he looks more and more orange every time I see him https://t.co/MJtBGaFotZ,-1,0
288,288,It's like Laura Ingraham and Hannity are doing a satire comedy routine right now this is so absurd #Trump  #Charlottesville,-1,-1
289,289,Facebook borra perfiles de supremacistas tras violencia en Charlottesville https://t.co/398auirAdj,0,-1
290,290,#TIME How President Trump Failed His Biggest Leadership Test Yet https://t.co/lvD1Lyqrbv,-1,-1
291,291,@realDonaldTrump https://t.co/EkSgdK0Dfl,0,0
292,292,Charlottesville: Man 'outing Nazis' on Twitter says he will continue despite receiving death threats https://t.co/HzQEMVYtjH,0,-1
293,293,Was Trump right to call out ‚ÄòAlt-Left‚Äô in Charlottesville? https://t.co/JQXswKLYeq,0,0
294,294,"Unlike what @realDonaldTrump says, this protest was about MUCH MORE than the statue...listen to the chants...

https://t.co/0eSTcDeWlj",0,0
295,295,"sad part is that many teachers, including those of color-do not have the courage to do this...por eso estamos asi https://t.co/dRk6KKdAMb",-1,0
296,296,Obama's Charlottesville response just became most-liked tweet in¬†history https://t.co/414nQ6nkZX https://t.co/cMTal980mH,1,1
297,297,"""Á±≥ÂõΩÁ§æ‰ºö„ÅÆÂàÜÊñ≠ÔºöÂ∑ÆÂà•‰∏ªÁæ©„ÄÅ„Éà„É©„É≥„ÉóÊîøÊ®©„ÅßÂã¢„ÅÑ\n#Â§ñÂãôÁúÅ„ÄÄ#Ê∏°Ëà™Á¶ÅÊ≠¢„ÄÄ#‰ºÅÊ•≠„ÄÄ#Ëá™Ê≤ª‰Ωì„ÄÄ#Â≠¶Áîü„ÄÄ#Â§ßÂ≠¶Áîü\n#Virginia #Charlottesville #JamesAlexFields\n#Trump: \""What are we teaching our children?\"" https://t.co/JRiMuo2Gd4""",0,1
298,298,L√≠der del KKK alaba a Donald Trump por ‚Äúdecir la verdad‚Äù sobre Charlottesville https://t.co/QuqkgIBvzf https://t.co/yNDchdonSk,0,0
299,299,Donald Trump under fire after failing to denounce Virginia white supremacists https://t.co/K5BuMb9L7X,-1,0
300,300,Just wanted to thank everyone on the Left who showed up in Charlottesville to stand up to Racism and the confederacy!,1,-1
301,301,"Is Hate Speech Free Speech, Even Post-charlottesville? (pls RT‚Ü∫‚ù§Ô∏è) https://t.co/8eZAnQBdYc",0,0
302,302,You wanna send a message to the white power protestors-ignore them. No anti protest shut the town down no cameras. #Charlottesville,-1,0
303,303,About Charlottesville/Alt-Right: https://t.co/teHJjnGmxV via @youtube,0,1
304,304,"After Charlottesville, Trump's business buddies have no excuse to stick around https://t.co/YCfGb0K2hI",-1,-1
305,305,Why are we surprised? https://t.co/gdvmXMT6tD,0,0
306,306,"Hello @davidaxelrod ... please share this ... it's a brutal documentary showing the horror of #Charlottesville 

https://t.co/AX6OcKtpXr",0,0
307,307,So the new KKK is Antifa. Don't worry we will fight you too. https://t.co/Q0JpvNbgDo,-1,1
308,308,"""Yes @realDonaldTrump there are 2 sides. Right or Wrong. You, sir, are in the wrong. #Resign #GoRunTheKKK #NoOneLikesYou #FakePresident #Sad https://t.co/zKeLBXv8ew""",-1,-1
309,309,"Virginia State Police announced the arrest of three suspects in connection with Jason Kessler‚Äôs Unite the Right

https://t.co/BntnUDHJKk",0,0
310,310,"Angling on Trump's response to Charlottesville ""I don‚Äôt expect him to hold the line on this one."" A day later, POTUS calls out ""alt-left"" 8/",0,0
311,311,"""https://t.co/pt1aB390kg Donald Trump's Charlottesville Press Conference Has Roots in Fox‚Ä¶ https://t.co/dJxAVhxwaW https://t.co/UDE7KqyeWg https://t.co/ouKORdQg40""",0,0
312,312,President Trump.. we the people that voted you know the truth. Just keep kicking ass üëç https://t.co/JVri6ihpmo,1,-1
313,313,"Jeb had enough energy to ""jump""? üòÇüòÇüòÇ https://t.co/YfK41EuMUy",0,0
314,314,So @JustinTrudeau denounced what happened in Charlottesville before @realDonaldTrump and he didn't even take it back a day later #BothSides,0,-1
315,315,Robert E. Lee's Direct Descendant Denounces Charlottesville White Nationalists: 'There's No‚Ä¶ https://t.co/LGh0tyS6TV,0,0
316,316,Like Samuel L Jackson saying he wished the guy was white who killed those cops? https://t.co/tHPgMAyiG3,0,0
317,317,I'm so fucking excited to not be in a country with you https://t.co/NcKQ8Lf8CF,0,0
318,318,Please follow @SolidCville for information on supporting the victims of the terror attack in Charlottesville.,0,0
319,319,"""This. I can understand their anger. üíî after #Charlottesville. But restraint is needed as am so worried about backlash &amp; violence from Nazis https://t.co/x2tTAaVyR1""",-1,0
320,320,"https://t.co/CewAP5ls5i Semper Fi, Hoo Rah.",0,-1
321,321,"So, perhaps there is reason for the #Charlottesville victims to sue Fox https://t.co/6lBb2vnYIr",0,0
322,322,"@ChelseaClinton If you were silent about BLM riots and Antifa beating women, you don't have the moral posturing to judge #Charlottesville",0,0
323,323,He is sick. He is a pathological liar. HE MUST GO! https://t.co/Y42Ao9S9PE,-1,0
324,324,"Trump says ‚Äòboth sides‚Äô to blame in Charlottesville violence, Jew's Heads Explode https://t.co/7zGuDB0FnS via @WSJ",-1,0
325,325,"@JackPosobiec Flip this vote for Trump and RETWEET IT
https://t.co/7SohmmgxCK",0,0
326,326,"just found out one of the main leaders of the Neo-Nazis in  #Charlottesville is from Keene, NH...",0,0
327,327,Ya wanna know why Charlottesville happened? Because the violence has been escalating FOR MONTHS! https://t.co/Z0zgBt5Nou,-1,0
328,328,Opinion | Charlottesville and the Bigotocracy https://t.co/outxwo4in2,0,0
329,329,"""@realDonaldTrump  clearly said there were people who weren't Nazi's or supremacists who were peacefully protesting the removal of the statue https://t.co/3thxfHCg1D""",0,-1
330,330,Trump spars with media over Charlottesville response https://t.co/LiJxCNJFR0 #Politics #Trump #USA #News,-1,1
331,331,"BREAKING- TRUMP BASICALLY TELLS EVERYONE TO F*** OFF as HE AGAIN BLAMES ""ALL SIDES"" FOR CHARLOTTESVILLE... MAGA",-1,0
332,332,""".@jaketapper and @brianstelter will you cover this?  Or will you pretend you didn't see it?  RT the hell out of this!!!!!üá∫üá∏üá∫üá∏üá∫üá∏üá∫üá∏üá∫üá∏üá∫üá∏üá∫üá∏üá∫üá∏üá∫üá∏ https://t.co/5REOIDjGxQ""",-1,0
333,333,Ugh! With logic like that it's no wonder Roy Moore is leading the Republican primary. #ALSEN https://t.co/gftip1zbP6,-1,0
334,334,Please read. https://t.co/sTbsjPoJYt,0,0
335,335,"""@Jeffypdizzy21 @techgigbit @DefenseIntel @CIA I googled images of mugshuts done in Charlottesville and some are wearing that black &amp; while shirt. It may be jail garb.""",0,0
336,336,"Trump calls out ‚Äòalt-left‚Äô for Charlottesville violence
https://t.co/FAzjQ5xzTT",-1,0
337,337,A Reformed White Nationalist Speaks Out On Charlottesville https://t.co/soPXwPLRJm,0,0
338,338,Well said. https://t.co/HFV0eppS4v,1,0
339,339,"""@realDonaldTrump did u miss this while u watched what we watched but u watched it better? Fking ahole bigoted racist white supreme terrorism https://t.co/hKYyAULBBA""",-1,-1
340,340,this is so powerful https://t.co/bRldkpEkod,1,1
341,341,?????????????????????????????? https://t.co/LuIIplXYiN,0,0
342,342,"¬øPor qu√© Bernie no es el presidente?
https://t.co/PSOpCT2FkZ",0,0
343,343,David Duke looks like a poorly carved marionette. https://t.co/L6PU3LZNtl,-1,0
344,344,"RT CNN ""After years of not waiting for the facts, Trump blames Charlottesville vagueness on just that‚Ä¶ https://t.co/lE7hFqee8O""",-1,-1
345,345,"""Hmmm. What did I get myself into?"" #TrumpPresser #TrumpPressConference #Trump #Charlottesville https://t.co/WDcRCtYeLG",0,0
346,346,are you in need of navigational assistance? RT @TheChrisJax: RT @KenDilanianNBC: Uncharted waters. https://t.co/RYcpFsJFRz,0,0
347,347,To my many friends who are employees and shareholders of @Boeing - I'm sorry your CEO is doing this to your company! https://t.co/38vBSL33JH,-1,0
348,348,"@tvThirdEye CNN 6:44pm Anderson Cooper
CNN 6:44pm TRUMP: ""BLAME ON BOTH SIDES"" FOR CHARLOTTESVILLE VIOLENCE
CNN 6:44pm TRUMP:...",0,0
349,349,"""@pltodd2 @peachy_witchy @thehill Why didnt media cover this? Video of right before it happened out there confirms its legit, mob attacked unprovoked https://t.co/qB0rVxo27g""",-1,-1
350,350,"""@Franklin_Graham is @realDonaldTrump giving you an armband or the white pointy hat? Other ministers were attacked in Charlottesville! https://t.co/VjVdZ5OXWx""",0,0
351,351,"Charlottesville:
The alt-right were racists and bigots attacking the so called alt-left who hate racists and bigots, who were defending.",-1,-1
352,352,Foolish Americans Dont Realise How Lucky They are to Have an Honest President !!!!!! https://t.co/hynxh05c9j,-1,0
353,353,"Bombshell Connection Between Charlottesville, Soros and CIA (Videos) Alex Jones https://t.co/hYDrUBFRuW",0,0
354,354,"""\""Quiet\"" &amp; \""innocent\"" - not words for violent thugs who stormed #Charlottesville with flaming torches like extras in a Frankenstein movie. https://t.co/4lq8N6Pown""",-1,0
355,355,Khe https://t.co/xhl1Zuv9rQ,0,0
356,356,@davidaxelrod Agree. https://t.co/6VW9KNgy6K,1,0
357,357,"My story on Trump's press conference today

https://t.co/mUdgUIbdTi",0,0
358,358,Will Hurd: Trump should apologize for latest Charlottesville remarks ... https://t.co/pgjbBfp6BR,0,0
359,359,"Easiest way to get democrats willing to give up first amendment rights? Have  hateful KKK, nazis and others march #Charlottesville",0,0
360,360,McAuliffe should be called before a #Grand #Jury !üá∫üá∏üò°üëç https://t.co/esXukIAWHh,0,0
361,361,You misspelled f√ºhrer. https://t.co/qBWbQguG2f,0,0
362,362,A real fucking man https://t.co/gI21NjWQEP,0,0
363,363,Everyone felt that today... He wasn't alone #ImpeachTrump https://t.co/GZfFIGt6kD,-1,0
364,364,"Trump's ""very fine people"" https://t.co/t79rqftmYW",0,0
365,365,Tim Kaine and facts=Oil and water https://t.co/ZWMovEL2gX,-1,0
366,366,Nouvelle vague d'indignation apr√®s le revirement de Trump sur Charlottesville - https://t.co/WU76434jEG https://t.co/zwqsVlNObs,0,0
367,367,"Trump Gives White Supremacists an Unequivocal Boost, via @nytimes https://t.co/tCTjGtdRC1",0,0
368,368,"""Fake News: Matthews Claims GOPers Are Not Condemning Trump‚Äôs Charlottesville Remarks https://t.co/KzqCzI8hBM #MediaBias #MSM https://t.co/j5Ba3cxrIF""",-1,-1
369,369,Wow https://t.co/RGZPBm0eMR,0,0
370,370,"""But but but but but but but but but but but but but but but but but but but but but but but but but but but but but but but but but but #but https://t.co/34AYXiTh6m""",0,1
371,371,Gostei de um v√≠deo @YouTube https://t.co/FilcaIcAQi Charlottesville - Direita / Esquerda / Liberdade de express√£o,0,0
372,372,"LM #171: #Summerslam #Charlottesville, and We March! #RAW #SDLive #Smackdown #Trump #NFL https://t.co/GTLSQxY1xD",0,0
373,373,‚ÄòWhat he did today was a moral disgrace‚Äô: Fox‚Äôs Krauthammer shreds Trump‚Äôs Charlottesville presser https://t.co/ZUoi6OcUuu,-1,-1
374,374,Picture of the Year 2017 features these racist bozos. Make this the only memory of them. #AltRight #Charlottesville https://t.co/bHJXPm9kA1,0,0
375,375,Quite the headline from the paper of record.  https://t.co/BFnPRxOrpi,0,0
376,376,"Trump 'entirely correct' to blame both sides for Charlottesville violence, White House says via the @FoxNews App https://t.co/8zCmIrPJcE",0,-1
377,377,"Google shuts down neo-nazi website for ""slut-shaming"" Charlottesville victim https://t.co/IqoVgYsvGJ https://t.co/2y4OIzeldQ",-1,-1
378,378,@JebBush Adding to political arguments by exploiting Charlottesville to advance others' agendas.  Shame on you! #GaysForTrump #AmericaFirst,-1,0
379,379,@jeffsessions This must be prosecuted!! @DanScavino @realDonaldTrump @POTUS https://t.co/OwH3b7pYVq,-1,-1
380,380,"""Mr. Trump Makes a Spectacle of Himself"" by THE EDITORIAL BOARD via NYT https://t.co/W5uwsGeyJ3",0,0
381,381,how sway https://t.co/9Lvf8hBhAk,0,0
382,382,Fact check: Trump wrong about purpose of Charlottesville event https://t.co/R8Qpik7JHV,-1,-1
383,383,"Just want to remind everyone, it's actually 'infrastructure week'.  

#Charlottesville #TheResistance",0,0
384,384,wow he's really out here defending them https://t.co/1IhK5fGqxX,0,0
385,385,Romney Slams Trump's Latest Charlottesville Comments https://t.co/HbmVzzXTNn #tcot,-1,0
386,386,"""She lived a life of significance &amp; not a life of success. The President has a successful life but not a significant one."" #Charlottesville",0,0
387,387,Are we supposed to pretend this means something? https://t.co/GtzSMvgDGQ,0,0
388,388,You know something is wrong in the world when i agree with the LDS church https://t.co/RIWcVeMYq1,-1,-1
389,389,"""@FoxNews @greggutfeld @nytimes Humm... Charlottesville VA and Durham NC both have Democratic mayor's Call national guard if White Nationalist ask for rally permit""",0,0
390,390,"""Why are you pretending to be intentionally this stupid? Do you really think he was talking about the extremists? #Pathetic. https://t.co/pwzqJ6Y3WQ""",-1,-1
391,391,I liked a @YouTube video https://t.co/hs6QzxxjGU The Camera Caught A Key Moment At The Charlottesville Incident That Changes The Whole,1,1
392,392,Astounding. https://t.co/6vugUDUL5c,0,1
393,393,"L√≠der de KKK alaba a Trump por ""decir la verdad"" de Charlottesville",0,0
394,394,'ENTIRELY CORRECT'  WH stands by Trump's Charlottesville statement https://t.co/W897iIMAzb #politics,0,0
395,395,@PARISDENNARD you can't create a equivalence between Obama after Charleston and Trump after Charlottesville #impeachtrump,0,0
396,396,Mitt Romney Just Gave A Bold Response To Trump‚Äôs Charlottesville Press Conference... https://t.co/buBcN5W53D,0,0
397,397,"""Time to pull down Seattle‚Äôs Lenin statue? Venture capitalist takes on relic‚Äôs place in wake of Charlottesville  https://t.co/95jlZIHKVO https://t.co/6C9QIPKI21""",0,0
398,398,Don't worry kids the Charlottesville Massacre won't be the last incident under Trump's watch...count on it! üòû,-1,0
399,399,The latest The Newt 4 President Daily! https://t.co/MVBwUu3Bw0 Thanks to @mhoward48 #charlottesville #trump,0,1
400,400,"Oh, this ought to be gooooodüòÇüòÇüòÇüòÇ. Let's see how many willing to go down with the ship. #donald https://t.co/dV2gjjAhX0",0,1
401,401,They were really brawling in this Charlottesville video,0,0
402,402,"""Unfortunately 4 Gold Star parent Khizr Khan, he lives in Charlottesville. He witnessed racism up close. To hear him on CNN was ‚ù§Ô∏è breaking. https://t.co/PT3o5F3ZUv""",-1,0
403,403,"""Hilo de nombres y caras de losnazis que estuvieron en la manifestaci√≥n y ataque terrorista #Charlottesville . Por si le interesa a alguien. https://t.co/rhRSeTXhqM""",0,0
404,404,This VICE video is clear that there is no moral equivalence @realDonaldTrump #charlottesville https://t.co/57W7JUlxaP,0,0
405,405,"""@JoyAnnReid I hope you get this tweetüòÄWhy doesn't DNC use Charlottesville Nazis march to denounce DT?üëãI don't think they're doing anything! Put it on tv""",0,-1
406,406,Jimmy Fallon Addresses the Events in Charlottesville https://t.co/Pfaf3L3mkI,0,0
407,407,Stunned Australian based silence ends - feeling for you America! #YouGotThis  https://t.co/cm8XgQ1g9b,0,0
408,408,Ultimate Proof Fake News Responsible For Charlottesville https://t.co/23rBgY287y via @YouTube,-1,-1
409,409,Best and most eye opening thing I've seen about this whole mess.  Well worth a watch. https://t.co/ck90DCBr7f,1,1
410,410,"Nope, Charlottesville was the most racist movie I've ever seen. https://t.co/LFTv1dk2Fl",-1,0
411,411,If this isn't the sad face of the fading light of respectability then I really don't know what is... https://t.co/YfRa361BO6,-1,-1
412,412,"""@CNN and @CillizzaCNN are just covering up the fact 'Unite the right' was created by Jason Kessler who worked for them https://t.co/YmFY5945Dp""",0,0
413,413,"#MAGA = Trump and racists wanting a white country (""the good old days"") https://t.co/swIWb4p5UK",-1,-1
414,414,"@House_Insider Our government just raise the Antifa flag
https://t.co/hgkpfgyDPG",0,0
415,415,"Lincoln Memorial sprayed with paint, profanity days after Charlottesville protests https://t.co/sZxyffaDyV",-1,-1
416,416,@FLGovScott I'm still waiting for you to condemn Trump's comments about Charlottesville. So?,0,0
417,417,Left-Wing Activists Target Arkansas Prof | The Daily Caller https://t.co/QaaBeKihMp,0,0
418,418,It's one guy üòÇ https://t.co/tA2j0ocrP8,0,0
419,419,"2 injured in Charlottesville crash sue ‚ÄòUnite the Right‚Äô for $3 million https://t.co/5wV5iVNPHn https://t.co/29emKuZntj

‚Äî RT America (RT‚Ä¶",0,-1
420,420,@WhiteHouse 44 tops 45 on Twitter: https://t.co/sO4dJ8YbN8 ‚Ä¶,0,0
421,421,I liked a @YouTube video https://t.co/sKo7uHAIf0 Trump's Response to Charlottesville: A Closer Look,1,0
422,422,#ImpeachTrump #Charlottesville #BothSides https://t.co/Q84MQ7gzIc,-1,0
423,423,"Yes, if by ""isolated"" you mean ""enjoying the support of 79% of Republican voters."" https://t.co/kTryC7Y0XT",0,0
424,424,"@JustinTrudeau I am a liberal, and as someone who would have voted for you, I'm dissapointed by your silence on Charlottesville",-1,-1
425,425,NavyJack ‚Äì Charlottesville: Citizens Behaving as Needed to Impose the Globalist/Billionaire Agenda https://t.co/r6nOsBNEs4,0,1
426,426,@realDonaldTrump https://t.co/Er2VIn9Kbl,0,0
427,427,Lebrons a bitch of a teammate but an awesome individual off the court https://t.co/C17d56Ry1Y,0,1
428,428,Everyone should read this https://t.co/ZaGmv4Vc29,0,0
429,429,"""La maravillosa cara del jefe d gabinete d Trump mientras defend√≠a (estamos de acuerdo q sin √©xito, no?) su teor√≠a d \""los 2 lados\"". Notable! https://t.co/bN0IUy0C66""",0,1
430,430,Officer Accused of Mocking Charlottesville Counter-Protester‚Äôs Death Placed On Leave Pending Probe https://t.co/Iaq0ZEO6Gy,-1,-1
431,431,"""I'm sure this is good, maybe I'll watch it some day when I am not still nauseous from seeing what @realDonaldTrump did to our country today. https://t.co/MazK5PASui""",0,0
432,432,Anonymous - Message to #Charlottesville #OPDOMESTICTERRORISM https://t.co/NNbcFhHORy via @YouTube,0,0
433,433,"Even if you think that all of them mean well, they obviously don‚Äôt do well. They caused - enabled, strongly, &amp; motivated - #Charlottesville.",0,0
434,434,". @HurdOnTheHill, great young GOP leader //  Hurd demands Trump 'apologize' for latest white supremacist comments https://t.co/hGzMiOM9h6",0,1
435,435,....he just called nazis and white supremacists.... Good.... People..... https://t.co/2guceOxfIB,-1,0
436,436,"""Obama‚Äôs tweet in response to Charlottesville attack is one of the biggest tweets ever:‚Ä¶ https://t.co/aDB11XviHv #Politics #TheResistance https://t.co/YV2jbj6mvX""",0,0
437,437,Obama‚Äôs Beautiful Charlottesville Tweet Is The Second Most Liked Ever https://t.co/TzbSNEbZlX,1,1
438,438,@LouDobbs @IngrahamAngle @FoxBusiness @DanaPerino @greggutfeld @EricTrump https://t.co/DLEWshPKeo,0,0
439,439,Trump defends some of the participants in white supremacist rally in Charlottesville https://t.co/q8Hahvz6X0,0,0
440,440,"""@TalbertSwan @realDonaldTrump rather than discuss issue you play racism victimhood card. Chose to ignore President statement to fit your false narrative #Charlottesville""",-1,-1
441,441,"Two Charlottesville victims sue James Fields, white nationalists - CNN https://t.co/ldM4ABbm2W",0,0
442,442,"Charlottesville Virginia car attack, discrepancies, brief photo analysis, driver is pictured in car https://t.co/rtojSL5Xsk",0,0
443,443,"""@ananavarro @andersoncooper @AC360 Truthful? What would you know about truth?\nCondemn Antifa and BLM or stfu.Do you think people haven't seen the footage from Charlottesville?""",0,0
444,444,"ICYMI: Trump‚Äôs Full, Heated Press Conference on Race and Violence in #Charlottesville. 8.15.2017 https://t.co/11c2NPhdN0",0,0
445,445,Anonymous - Message to Charlottesville #OPDOMESTICTERRORISM https://t.co/6hUq5FbGBD,0,0
446,446,"""General Kelly, sir, I implore you.  You have had too many men make the ultimate sacrifice to continue to watch this happen. https://t.co/lrU0Z1lA46""",0,0
447,447,"Charlottesville: ""The courage of the clergy present inspired me."" -- @brianmclaren https://t.co/Ht6BCWceeP",1,1
448,448,Preach it @jimmyfallon https://t.co/ap1kTCTOj2,1,0
449,449,https://t.co/b24DYsR5vs  #hofliv #BSF2017 #onweer #Charlottesville #PKP17 Trump Air Berlin Ren√© Magritte Li√®ge Brussels 4,0,0
450,450,The coded alt-right signal Donald Trump uses to defend white nationalists in Charlottesville https://t.co/9Y2w07bRtA,0,0
451,451,This is what happened in the USA this weekend. This is not America! #Charlottesville https://t.co/CmLFsvn3J6,-1,0
452,452,Charlottesville And The Rise Of White Identity Politics | FiveThirtyEight https://t.co/vxblCGkPUi,0,0
453,453,Public Calls For Investigation Of Charlottesville Mayor Calling For Poli... https://t.co/gdBOJwrMZZ via @YouTube,0,1
454,454,Watch! https://t.co/LGyRWUzgwT,0,0
455,455,David Duke Thanks Trump For Blaming Charlottesville Tragedy On ‚ÄòLeftist Terrorists‚Äô https://t.co/mOzFbdmZqm https://t.co/OD6kNP0HNd,0,0
456,456,"""@realDonaldTrump hey you stupid good people don't go marching with fire lighted torches chanting \""Jews get out\"" and making the nazi salute https://t.co/kTI4qKzduO""",-1,0
457,457,"I Was 10 Feet From The Charlottesville Attack, Here‚Äôs What I Saw https://t.co/5XcdXuUhcA via @leecamp",0,1
458,458,Worse people than Nazi's or? #ImpeachTrump https://t.co/srLt6aQyax,-1,-1
459,459,Time for @GOP centrists to work with @TheDemocrats and work for the American people and just ignore our IGNORANT @potus #Charlottesville,-1,-1
460,460,"""...And only after a woman was killed Saturday in Charlottesville, Va.‚Äîwhen a car driven by white-supremacist... https://t.co/nMyGxdaFSK",0,0
461,461,I take solace in knowing there are good people out there but I'm very sad about the direction my country has taken. #Charlottesville,0,0
462,462,.@vice's piece on #Charlottesville is the best piece of journalism I've seen in a long time,1,1
463,463,#ImpeachTrump https://t.co/vnyx8u2KP2,-1,0
464,464,"@shannonrmoyer It makes me wonder how many people in Charlottesville were LU students, and how many are going to defend them.",0,1
465,465,üëÄ https://t.co/B2tHDktn3Y,0,0
466,466,So was the white Barak or Black obama speaking here? https://t.co/Tm8bmTqzSD,0,0
467,467,"After Charlottesville, Trump's business buddies have no excuse to stick around https://t.co/DF4Qn1SeSy",-1,-1
468,468,Because of course he did.  https://t.co/dxEJAVSmS1,0,0
469,469,NYTimes: Trump Gives White Supremacists an Unequivocal Boost https://t.co/WD4kIJxqIQ,0,1
470,470,The latest Dialog New Media Daily! https://t.co/tEFrITbYAO Thanks to @SonnyBunch @stableford @justkarl #charlottesville #gameofthrones,0,0
471,471,"Curious...if Charlottesville had been descended upon by ISIS sympathizers, would the ""other side"" still have been ""violent""?  #DonaldTrump",0,0
472,472,"""@ThePatriot143 Good riddance!  Go hide cowards.  Americans know what happened in Charlottesville. Merck, Intel, Under Armour and Pepsi are un-American.""",-1,-1
473,473,"RT PoliticalShort ""RT johnddavidson: Charlottesville was above all about the fringe right &amp; left using political v‚Ä¶ https://t.co/7yaGl1cH2c""",0,0
474,474,@realDonaldTrump https://t.co/glIjMhm0Vp,0,0
475,475,"Have #Trump golf club membership, consider cancelling it. Why golf with hate? Lots of other equitable golf courses #Charlottesville #uspoli",-1,0
476,476,Some wonderfully sane thoughts on #Charlottesville without the author descending into foaming-at-the-mouth madness. https://t.co/xDoR1Mql1c,0,1
477,477,"""BACKFIRE ALERT: WRONG PERSON HARASSED After Jennifer Lawrence Asks Followers to ‚ÄúName and Shame‚Äù Charlottesville Marchers https://t.co/LtGZyMyPNG""",-1,-1
478,478,"#Resist #NastyWoman #WomensMarch IT'S A SHIRT!! GET IT HERE üëâ üëâ https://t.co/P9lUgTJjjl

Trump supporter on POTUS' Charlottesville violenc‚Ä¶",-1,0
479,479,"RT FoxNews ""WATCH: jessebwatters, TheJuanWilliams Spar Over #Trump's Response to #Charlottesville
https://t.co/4Hm45I4Lu6""",0,0
480,480,I liked a @YouTube video https://t.co/gov8KBwtKW Charlottesville Rallies,1,1
481,481,"""If 2 sides to every story is his approach, how does that not apply to the BLM movement? Rather BLM activists are a bunch of thugs + a threat https://t.co/j5rPXrrulX""",-1,-1
482,482,"""@JDMorgan @realDonaldTrump No would shouldn't have to be explaining to our children about #Charlottesville because it should've never happened!""",-1,-1
483,483,Why is this allowed to happen? @jeffsessions ? Help the police @realDonaldTrump PLEASE https://t.co/KMBsGNErbe,-1,0
484,484,"Watch this and you will know ehat's happening in #Charlottesville. 
https://t.co/S6fraHhjby",0,0
485,485,#Charlottesville I also see Mitch McConnell's wife standing with Trump during today's racist rant. Majority Leader McConnell.,0,0
486,486,"75After Charlottesville, Trump retweets ‚Äî then deletes ‚Äî image of train running over CNN reporter https://t.co/nI6uPYFRgD",0,0
487,487,I guess this is the 38%. https://t.co/0Lel7OOqpn,0,0
488,488,"I support you üíØ today, tomorrow and everyday! https://t.co/oAgBcOaiIU",1,0
489,489,Powerful message ~! This @realDonaldTrump is what you should have said you sorry horrible person you~! https://t.co/LOkNHpIdEH,0,0
490,490,"""@CortierJulie @Godilver Donald Trump, this is the type of supporter you have, Republican Nazi sympathizer. Doesn't it make you proud?  https://t.co/d9VHhMVGN3""",-1,0
491,491,"Ivanka's Non-Response To Trump's Third Charlottesville Speech Let America Down 

https://t.co/MhvtbJKqHy",-1,0
492,492,Obama's Charlottesville response just became most-liked tweet in history https://t.co/eSQ2kWBkpH https://t.co/6DbzKdHSsn,1,1
493,493,"Full text: Trump‚Äôs comments on white supremacists, ‚Äòalt-left‚Äô in Charlottesville - POLITICO https://t.co/VKpqqgKwb0",0,0
494,494,PLEASE. HELP. SOON. https://t.co/wpdEZrAQIn,0,0
495,495,Some but not all of the b-roll I previously mentioned. Cuts out a bit early. https://t.co/pouasxiHQB,0,0
496,496,This looks like a guy who's trying to hide in his suit jacket. Like a turtle into its shell. https://t.co/rATqajkrmr,0,0
497,497,What Jewish Children Learned From Charlottesville https://t.co/IjL2DpAnNq,0,0
498,498,"#ImpeachTrump 
#ResistForHeather https://t.co/4oaax81t9P",-1,0
499,499,"""Let this sink in, #POTUS spent more time talking about Kristen Stew. &amp; Rob Patt. Breakup on twitter than Nazi's in #Charlottesville #MAGA https://t.co/9ZvkuJTJry""",-1,0
500,500,"For an hour, Johnny Carson would've made us forget all this. #justbefunny https://t.co/lZw5vWZ298",0,0